-- phpMyAdmin SQL Dump
-- version 5.2.0
-- https://www.phpmyadmin.net/
--
-- Host: 127.0.0.1
-- Generation Time: Aug 29, 2024 at 09:32 AM
-- Server version: 10.4.24-MariaDB
-- PHP Version: 8.1.6

SET SQL_MODE = "NO_AUTO_VALUE_ON_ZERO";
START TRANSACTION;
SET time_zone = "+00:00";


/*!40101 SET @OLD_CHARACTER_SET_CLIENT=@@CHARACTER_SET_CLIENT */;
/*!40101 SET @OLD_CHARACTER_SET_RESULTS=@@CHARACTER_SET_RESULTS */;
/*!40101 SET @OLD_COLLATION_CONNECTION=@@COLLATION_CONNECTION */;
/*!40101 SET NAMES utf8mb4 */;

--
-- Database: `presensi_magang_database`
--

-- --------------------------------------------------------

--
-- Table structure for table `admins`
--

CREATE TABLE `admins` (
  `id` int(11) NOT NULL,
  `nama` varchar(255) DEFAULT NULL,
  `foto_profil` varchar(255) DEFAULT NULL,
  `username` varchar(255) DEFAULT NULL,
  `password` varchar(255) DEFAULT NULL,
  `refreshTokens` varchar(255) DEFAULT NULL,
  `createdAt` datetime NOT NULL,
  `updatedAt` datetime NOT NULL
) ENGINE=InnoDB DEFAULT CHARSET=utf8mb4;

--
-- Dumping data for table `admins`
--

INSERT INTO `admins` (`id`, `nama`, `foto_profil`, `username`, `password`, `refreshTokens`, `createdAt`, `updatedAt`) VALUES
(1, 'Admin1', 'http://localhost:3000/uploads/1720328836713.png', 'admin1', '$2a$12$gcqnB0Z3zZQH5dZYbXkJ7es7ihrKycqhzo298O7h9UNmSXpHKuSfi', NULL, '2023-10-27 01:25:13', '2024-07-07 05:07:16'),
(29, 'Atmin', NULL, 'atmin123', '$2a$10$/g2.YeBxfWMRuEvvr2.5LewevNRlYqaQxjG.PUvhpA2gMpb.im9pq', NULL, '2024-01-16 03:28:56', '2024-02-05 02:49:29'),
(30, 'Adminferdy', NULL, 'adminferdy', '$2y$10$yBx957AXRlbDk.Ta4D2r.uu6XerAspmLm4HLK.GMLawoTY7v61HTu', NULL, '2024-02-06 09:06:29', '2024-02-06 09:06:29'),
(31, 'Admin3', NULL, 'admin3', '$2a$10$a6uBkSQOzbcZpJUEe5V7eOpBvWX.WhplnaL0GZgAmbzJTuwKU9caW', NULL, '2024-02-07 07:03:36', '2024-02-07 07:04:38'),
(100, 'Admin99', NULL, 'admin99', '$2y$10$v4caZZTvh3x/viNevirM9ebDDKGBdX8OhSuB6VS1jawmDx0sMfqJS', NULL, '2024-05-31 09:06:23', '2024-05-31 09:06:23'),
(102, 'admin12', 'http://localhost:3000/uploads/1723516058236.png', 'admin', '$2a$12$Frpz2a7Wxs6maYCYSr61Tu/pTimGEIESgk06lVCyCkLQ14m7aSS6y', '', '2024-08-13 04:12:21', '2024-08-13 02:27:38');

-- --------------------------------------------------------

--
-- Table structure for table `peserta_magangs`
--

CREATE TABLE `peserta_magangs` (
  `id` int(11) NOT NULL,
  `nama` varchar(255) DEFAULT NULL,
  `asal_univ` varchar(255) DEFAULT NULL,
  `asal_jurusan` varchar(255) DEFAULT NULL,
  `no_telp` varchar(50) DEFAULT NULL,
  `nama_dosen` varchar(255) DEFAULT NULL,
  `no_telp_dosen` varchar(20) DEFAULT NULL,
  `tanggal_mulai` date DEFAULT NULL,
  `tanggal_selesai` date DEFAULT NULL,
  `username` varchar(255) DEFAULT NULL,
  `password` varchar(255) DEFAULT NULL,
  `refreshTokens` varchar(255) DEFAULT NULL,
  `createdAt` datetime NOT NULL,
  `updatedAt` datetime NOT NULL,
  `status_aktif` int(11) DEFAULT NULL,
  `foto_profil` varchar(255) DEFAULT NULL
) ENGINE=InnoDB DEFAULT CHARSET=utf8mb4;

--
-- Dumping data for table `peserta_magangs`
--

INSERT INTO `peserta_magangs` (`id`, `nama`, `asal_univ`, `asal_jurusan`, `no_telp`, `nama_dosen`, `no_telp_dosen`, `tanggal_mulai`, `tanggal_selesai`, `username`, `password`, `refreshTokens`, `createdAt`, `updatedAt`, `status_aktif`, `foto_profil`) VALUES
(170, 'Ferdy1', 'univ1', 'tekom', '', NULL, NULL, '2024-02-08', '2024-03-14', 'ferdy1', '$2a$10$NUPLbF541TQQk4JsnH8buezdkbR0ns2GZR4Z8ujDs7.kT6ZcoUoiW', NULL, '2024-02-07 08:06:55', '2024-02-07 08:06:55', 2, NULL),
(185, 'yudha', 'udinus', 'Teknik Informatika', '082332131479', 'pak egia', '082332131479', '2024-08-12', '2024-10-31', 'yudha1', '$2a$12$8RjcUR6WRxy7zd/v8xE/BOgjNN4oSF/ttZlxA/XTUewdIWtmcxdNK', NULL, '2024-08-28 03:03:30', '2024-08-29 06:18:51', 2, NULL),
(187, 'daffa', 'udinus', 'DKV', '082332131479', 'Pak Munip', '082332131479', '2024-08-12', '2024-10-31', 'daffa1', '123123', NULL, '2024-08-28 03:47:20', '2024-08-28 03:50:42', 2, NULL),
(188, 'kepan', 'udinus', 'Teknik Informatika', '082332131479', 'pak egia', '082332131479', '2024-08-12', '2024-10-31', 'kepan1', '$2a$10$Mg9gWZRFPtJND.FU8iUThOWORpGc7.ZerU0DTKNzTQGqJGC7Y52Ye', NULL, '2024-08-28 03:56:23', '2024-08-28 03:56:23', 2, NULL);

--
-- Triggers `peserta_magangs`
--
DELIMITER $$
CREATE TRIGGER `update_status_aktif` BEFORE INSERT ON `peserta_magangs` FOR EACH ROW BEGIN
    SET NEW.status_aktif = 
        CASE
            WHEN NEW.tanggal_selesai < CURDATE() THEN 1
            WHEN CURDATE() BETWEEN NEW.tanggal_mulai AND NEW.tanggal_selesai THEN 2
            WHEN NEW.tanggal_mulai > CURDATE() THEN 3
        END;
END
$$
DELIMITER ;

-- --------------------------------------------------------

--
-- Table structure for table `presensis`
--

CREATE TABLE `presensis` (
  `id` int(11) NOT NULL,
  `tanggal` date DEFAULT NULL,
  `check_in` datetime DEFAULT NULL,
  `check_out` datetime DEFAULT NULL,
  `image_url_in` varchar(255) DEFAULT NULL,
  `image_url_out` varchar(255) DEFAULT NULL,
  `p_id` int(11) DEFAULT NULL,
  `createdAt` datetime NOT NULL,
  `updatedAt` datetime NOT NULL
) ENGINE=InnoDB DEFAULT CHARSET=utf8mb4;

--
-- Dumping data for table `presensis`
--

INSERT INTO `presensis` (`id`, `tanggal`, `check_in`, `check_out`, `image_url_in`, `image_url_out`, `p_id`, `createdAt`, `updatedAt`) VALUES
(355, '2024-02-08', NULL, NULL, NULL, NULL, 170, '2024-02-07 08:06:55', '2024-02-07 08:06:55'),
(356, '2024-02-09', NULL, NULL, NULL, NULL, 170, '2024-02-07 08:06:55', '2024-02-07 08:06:55'),
(357, '2024-02-12', NULL, NULL, NULL, NULL, 170, '2024-02-07 08:06:55', '2024-02-07 08:06:55'),
(358, '2024-02-13', NULL, NULL, NULL, NULL, 170, '2024-02-07 08:06:55', '2024-02-07 08:06:55'),
(359, '2024-02-14', NULL, NULL, NULL, NULL, 170, '2024-02-07 08:06:55', '2024-02-07 08:06:55'),
(360, '2024-02-15', NULL, NULL, NULL, NULL, 170, '2024-02-07 08:06:55', '2024-02-07 08:06:55'),
(361, '2024-02-16', NULL, NULL, NULL, NULL, 170, '2024-02-07 08:06:55', '2024-02-07 08:06:55'),
(362, '2024-02-19', NULL, NULL, NULL, NULL, 170, '2024-02-07 08:06:55', '2024-02-07 08:06:55'),
(363, '2024-02-20', NULL, NULL, NULL, NULL, 170, '2024-02-07 08:06:55', '2024-02-07 08:06:55'),
(364, '2024-02-21', NULL, NULL, NULL, NULL, 170, '2024-02-07 08:06:55', '2024-02-07 08:06:55'),
(365, '2024-02-22', NULL, NULL, NULL, NULL, 170, '2024-02-07 08:06:55', '2024-02-07 08:06:55'),
(366, '2024-02-23', NULL, NULL, NULL, NULL, 170, '2024-02-07 08:06:55', '2024-02-07 08:06:55'),
(367, '2024-02-26', NULL, NULL, NULL, NULL, 170, '2024-02-07 08:06:55', '2024-02-07 08:06:55'),
(368, '2024-02-27', NULL, NULL, NULL, NULL, 170, '2024-02-07 08:06:55', '2024-02-07 08:06:55'),
(369, '2024-02-28', NULL, NULL, NULL, NULL, 170, '2024-02-07 08:06:55', '2024-02-07 08:06:55'),
(370, '2024-02-29', NULL, NULL, NULL, NULL, 170, '2024-02-07 08:06:55', '2024-02-07 08:06:55'),
(371, '2024-03-01', NULL, NULL, NULL, NULL, 170, '2024-02-07 08:06:55', '2024-02-07 08:06:55'),
(372, '2024-03-04', NULL, NULL, NULL, NULL, 170, '2024-02-07 08:06:55', '2024-02-07 08:06:55'),
(373, '2024-03-05', NULL, NULL, NULL, NULL, 170, '2024-02-07 08:06:55', '2024-02-07 08:06:55'),
(374, '2024-03-06', NULL, NULL, NULL, NULL, 170, '2024-02-07 08:06:55', '2024-02-07 08:06:55'),
(375, '2024-03-07', NULL, NULL, NULL, NULL, 170, '2024-02-07 08:06:55', '2024-02-07 08:06:55'),
(376, '2024-03-08', NULL, NULL, NULL, NULL, 170, '2024-02-07 08:06:55', '2024-02-07 08:06:55'),
(377, '2024-03-11', NULL, NULL, NULL, NULL, 170, '2024-02-07 08:06:55', '2024-02-07 08:06:55'),
(378, '2024-03-12', NULL, NULL, NULL, NULL, 170, '2024-02-07 08:06:55', '2024-02-07 08:06:55'),
(379, '2024-03-13', NULL, NULL, NULL, NULL, 170, '2024-02-07 08:06:55', '2024-02-07 08:06:55'),
(896, '2024-08-12', NULL, NULL, NULL, NULL, 185, '2024-08-28 03:03:30', '2024-08-28 03:03:30'),
(897, '2024-08-13', NULL, NULL, NULL, NULL, 185, '2024-08-28 03:03:30', '2024-08-28 03:03:30'),
(898, '2024-08-14', NULL, NULL, NULL, NULL, 185, '2024-08-28 03:03:30', '2024-08-28 03:03:30'),
(899, '2024-08-15', NULL, NULL, NULL, NULL, 185, '2024-08-28 03:03:30', '2024-08-28 03:03:30'),
(900, '2024-08-16', NULL, NULL, NULL, NULL, 185, '2024-08-28 03:03:30', '2024-08-28 03:03:30'),
(901, '2024-08-19', NULL, NULL, NULL, NULL, 185, '2024-08-28 03:03:30', '2024-08-28 03:03:30'),
(902, '2024-08-20', NULL, NULL, NULL, NULL, 185, '2024-08-28 03:03:30', '2024-08-28 03:03:30'),
(903, '2024-08-21', NULL, NULL, NULL, NULL, 185, '2024-08-28 03:03:30', '2024-08-28 03:03:30'),
(904, '2024-08-22', NULL, NULL, NULL, NULL, 185, '2024-08-28 03:03:30', '2024-08-28 03:03:30'),
(905, '2024-08-23', NULL, NULL, NULL, NULL, 185, '2024-08-28 03:03:30', '2024-08-28 03:03:30'),
(906, '2024-08-26', NULL, NULL, NULL, NULL, 185, '2024-08-28 03:03:30', '2024-08-28 03:03:30'),
(907, '2024-08-27', NULL, NULL, NULL, NULL, 185, '2024-08-28 03:03:30', '2024-08-28 03:03:30'),
(908, '2024-08-28', NULL, NULL, NULL, NULL, 185, '2024-08-28 03:03:30', '2024-08-28 03:03:30'),
(909, '2024-08-29', NULL, NULL, NULL, NULL, 185, '2024-08-28 03:03:30', '2024-08-28 03:03:30'),
(910, '2024-08-30', NULL, NULL, NULL, NULL, 185, '2024-08-28 03:03:30', '2024-08-28 03:03:30'),
(911, '2024-09-02', NULL, NULL, NULL, NULL, 185, '2024-08-28 03:03:30', '2024-08-28 03:03:30'),
(912, '2024-09-03', NULL, NULL, NULL, NULL, 185, '2024-08-28 03:03:30', '2024-08-28 03:03:30'),
(913, '2024-09-04', NULL, NULL, NULL, NULL, 185, '2024-08-28 03:03:30', '2024-08-28 03:03:30'),
(914, '2024-09-05', NULL, NULL, NULL, NULL, 185, '2024-08-28 03:03:30', '2024-08-28 03:03:30'),
(915, '2024-09-06', NULL, NULL, NULL, NULL, 185, '2024-08-28 03:03:30', '2024-08-28 03:03:30'),
(916, '2024-09-09', NULL, NULL, NULL, NULL, 185, '2024-08-28 03:03:30', '2024-08-28 03:03:30'),
(917, '2024-09-10', NULL, NULL, NULL, NULL, 185, '2024-08-28 03:03:30', '2024-08-28 03:03:30'),
(918, '2024-09-11', NULL, NULL, NULL, NULL, 185, '2024-08-28 03:03:30', '2024-08-28 03:03:30'),
(919, '2024-09-12', NULL, NULL, NULL, NULL, 185, '2024-08-28 03:03:30', '2024-08-28 03:03:30'),
(920, '2024-09-13', NULL, NULL, NULL, NULL, 185, '2024-08-28 03:03:30', '2024-08-28 03:03:30'),
(921, '2024-09-16', NULL, NULL, NULL, NULL, 185, '2024-08-28 03:03:30', '2024-08-28 03:03:30'),
(922, '2024-09-17', NULL, NULL, NULL, NULL, 185, '2024-08-28 03:03:30', '2024-08-28 03:03:30'),
(923, '2024-09-18', NULL, NULL, NULL, NULL, 185, '2024-08-28 03:03:30', '2024-08-28 03:03:30'),
(924, '2024-09-19', NULL, NULL, NULL, NULL, 185, '2024-08-28 03:03:30', '2024-08-28 03:03:30'),
(925, '2024-09-20', NULL, NULL, NULL, NULL, 185, '2024-08-28 03:03:30', '2024-08-28 03:03:30'),
(926, '2024-09-23', NULL, NULL, NULL, NULL, 185, '2024-08-28 03:03:30', '2024-08-28 03:03:30'),
(927, '2024-09-24', NULL, NULL, NULL, NULL, 185, '2024-08-28 03:03:30', '2024-08-28 03:03:30'),
(928, '2024-09-25', NULL, NULL, NULL, NULL, 185, '2024-08-28 03:03:30', '2024-08-28 03:03:30'),
(929, '2024-09-26', NULL, NULL, NULL, NULL, 185, '2024-08-28 03:03:30', '2024-08-28 03:03:30'),
(930, '2024-09-27', NULL, NULL, NULL, NULL, 185, '2024-08-28 03:03:30', '2024-08-28 03:03:30'),
(931, '2024-09-30', NULL, NULL, NULL, NULL, 185, '2024-08-28 03:03:30', '2024-08-28 03:03:30'),
(932, '2024-10-01', NULL, NULL, NULL, NULL, 185, '2024-08-28 03:03:30', '2024-08-28 03:03:30'),
(933, '2024-10-02', NULL, NULL, NULL, NULL, 185, '2024-08-28 03:03:30', '2024-08-28 03:03:30'),
(934, '2024-10-03', NULL, NULL, NULL, NULL, 185, '2024-08-28 03:03:30', '2024-08-28 03:03:30'),
(935, '2024-10-04', NULL, NULL, NULL, NULL, 185, '2024-08-28 03:03:30', '2024-08-28 03:03:30'),
(936, '2024-10-07', NULL, NULL, NULL, NULL, 185, '2024-08-28 03:03:30', '2024-08-28 03:03:30'),
(937, '2024-10-08', NULL, NULL, NULL, NULL, 185, '2024-08-28 03:03:30', '2024-08-28 03:03:30'),
(938, '2024-10-09', NULL, NULL, NULL, NULL, 185, '2024-08-28 03:03:30', '2024-08-28 03:03:30'),
(939, '2024-10-10', NULL, NULL, NULL, NULL, 185, '2024-08-28 03:03:30', '2024-08-28 03:03:30'),
(940, '2024-10-11', NULL, NULL, NULL, NULL, 185, '2024-08-28 03:03:30', '2024-08-28 03:03:30'),
(941, '2024-10-14', NULL, NULL, NULL, NULL, 185, '2024-08-28 03:03:30', '2024-08-28 03:03:30'),
(942, '2024-10-15', NULL, NULL, NULL, NULL, 185, '2024-08-28 03:03:30', '2024-08-28 03:03:30'),
(943, '2024-10-16', NULL, NULL, NULL, NULL, 185, '2024-08-28 03:03:30', '2024-08-28 03:03:30'),
(944, '2024-10-17', NULL, NULL, NULL, NULL, 185, '2024-08-28 03:03:30', '2024-08-28 03:03:30'),
(945, '2024-10-18', NULL, NULL, NULL, NULL, 185, '2024-08-28 03:03:30', '2024-08-28 03:03:30'),
(946, '2024-10-21', NULL, NULL, NULL, NULL, 185, '2024-08-28 03:03:30', '2024-08-28 03:03:30'),
(947, '2024-10-22', NULL, NULL, NULL, NULL, 185, '2024-08-28 03:03:30', '2024-08-28 03:03:30'),
(948, '2024-10-23', NULL, NULL, NULL, NULL, 185, '2024-08-28 03:03:30', '2024-08-28 03:03:30'),
(949, '2024-10-24', NULL, NULL, NULL, NULL, 185, '2024-08-28 03:03:30', '2024-08-28 03:03:30'),
(950, '2024-10-25', NULL, NULL, NULL, NULL, 185, '2024-08-28 03:03:30', '2024-08-28 03:03:30'),
(951, '2024-10-28', NULL, NULL, NULL, NULL, 185, '2024-08-28 03:03:30', '2024-08-28 03:03:30'),
(952, '2024-10-29', NULL, NULL, NULL, NULL, 185, '2024-08-28 03:03:30', '2024-08-28 03:03:30'),
(953, '2024-10-30', NULL, NULL, NULL, NULL, 185, '2024-08-28 03:03:30', '2024-08-28 03:03:30'),
(1012, '2024-08-12', NULL, NULL, NULL, NULL, 187, '2024-08-28 03:47:20', '2024-08-28 03:47:20'),
(1013, '2024-08-13', NULL, NULL, NULL, NULL, 187, '2024-08-28 03:47:20', '2024-08-28 03:47:20'),
(1014, '2024-08-14', NULL, NULL, NULL, NULL, 187, '2024-08-28 03:47:20', '2024-08-28 03:47:20'),
(1015, '2024-08-15', NULL, NULL, NULL, NULL, 187, '2024-08-28 03:47:20', '2024-08-28 03:47:20'),
(1016, '2024-08-16', NULL, NULL, NULL, NULL, 187, '2024-08-28 03:47:20', '2024-08-28 03:47:20'),
(1017, '2024-08-19', NULL, NULL, NULL, NULL, 187, '2024-08-28 03:47:20', '2024-08-28 03:47:20'),
(1018, '2024-08-20', NULL, NULL, NULL, NULL, 187, '2024-08-28 03:47:20', '2024-08-28 03:47:20'),
(1019, '2024-08-21', NULL, NULL, NULL, NULL, 187, '2024-08-28 03:47:20', '2024-08-28 03:47:20'),
(1020, '2024-08-22', NULL, NULL, NULL, NULL, 187, '2024-08-28 03:47:20', '2024-08-28 03:47:20'),
(1021, '2024-08-23', NULL, NULL, NULL, NULL, 187, '2024-08-28 03:47:20', '2024-08-28 03:47:20'),
(1022, '2024-08-26', NULL, NULL, NULL, NULL, 187, '2024-08-28 03:47:20', '2024-08-28 03:47:20'),
(1023, '2024-08-27', NULL, NULL, NULL, NULL, 187, '2024-08-28 03:47:20', '2024-08-28 03:47:20'),
(1024, '2024-08-28', NULL, NULL, NULL, NULL, 187, '2024-08-28 03:47:20', '2024-08-28 03:47:20'),
(1025, '2024-08-29', NULL, NULL, NULL, NULL, 187, '2024-08-28 03:47:20', '2024-08-28 03:47:20'),
(1026, '2024-08-30', NULL, NULL, NULL, NULL, 187, '2024-08-28 03:47:20', '2024-08-28 03:47:20'),
(1027, '2024-09-02', NULL, NULL, NULL, NULL, 187, '2024-08-28 03:47:20', '2024-08-28 03:47:20'),
(1028, '2024-09-03', NULL, NULL, NULL, NULL, 187, '2024-08-28 03:47:20', '2024-08-28 03:47:20'),
(1029, '2024-09-04', NULL, NULL, NULL, NULL, 187, '2024-08-28 03:47:20', '2024-08-28 03:47:20'),
(1030, '2024-09-05', NULL, NULL, NULL, NULL, 187, '2024-08-28 03:47:20', '2024-08-28 03:47:20'),
(1031, '2024-09-06', NULL, NULL, NULL, NULL, 187, '2024-08-28 03:47:20', '2024-08-28 03:47:20'),
(1032, '2024-09-09', NULL, NULL, NULL, NULL, 187, '2024-08-28 03:47:20', '2024-08-28 03:47:20'),
(1033, '2024-09-10', NULL, NULL, NULL, NULL, 187, '2024-08-28 03:47:20', '2024-08-28 03:47:20'),
(1034, '2024-09-11', NULL, NULL, NULL, NULL, 187, '2024-08-28 03:47:20', '2024-08-28 03:47:20'),
(1035, '2024-09-12', NULL, NULL, NULL, NULL, 187, '2024-08-28 03:47:20', '2024-08-28 03:47:20'),
(1036, '2024-09-13', NULL, NULL, NULL, NULL, 187, '2024-08-28 03:47:20', '2024-08-28 03:47:20'),
(1037, '2024-09-16', NULL, NULL, NULL, NULL, 187, '2024-08-28 03:47:20', '2024-08-28 03:47:20'),
(1038, '2024-09-17', NULL, NULL, NULL, NULL, 187, '2024-08-28 03:47:20', '2024-08-28 03:47:20'),
(1039, '2024-09-18', NULL, NULL, NULL, NULL, 187, '2024-08-28 03:47:20', '2024-08-28 03:47:20'),
(1040, '2024-09-19', NULL, NULL, NULL, NULL, 187, '2024-08-28 03:47:20', '2024-08-28 03:47:20'),
(1041, '2024-09-20', NULL, NULL, NULL, NULL, 187, '2024-08-28 03:47:20', '2024-08-28 03:47:20'),
(1042, '2024-09-23', NULL, NULL, NULL, NULL, 187, '2024-08-28 03:47:20', '2024-08-28 03:47:20'),
(1043, '2024-09-24', NULL, NULL, NULL, NULL, 187, '2024-08-28 03:47:20', '2024-08-28 03:47:20'),
(1044, '2024-09-25', NULL, NULL, NULL, NULL, 187, '2024-08-28 03:47:20', '2024-08-28 03:47:20'),
(1045, '2024-09-26', NULL, NULL, NULL, NULL, 187, '2024-08-28 03:47:20', '2024-08-28 03:47:20'),
(1046, '2024-09-27', NULL, NULL, NULL, NULL, 187, '2024-08-28 03:47:20', '2024-08-28 03:47:20'),
(1047, '2024-09-30', NULL, NULL, NULL, NULL, 187, '2024-08-28 03:47:20', '2024-08-28 03:47:20'),
(1048, '2024-10-01', NULL, NULL, NULL, NULL, 187, '2024-08-28 03:47:20', '2024-08-28 03:47:20'),
(1049, '2024-10-02', NULL, NULL, NULL, NULL, 187, '2024-08-28 03:47:20', '2024-08-28 03:47:20'),
(1050, '2024-10-03', NULL, NULL, NULL, NULL, 187, '2024-08-28 03:47:20', '2024-08-28 03:47:20'),
(1051, '2024-10-04', NULL, NULL, NULL, NULL, 187, '2024-08-28 03:47:20', '2024-08-28 03:47:20'),
(1052, '2024-10-07', NULL, NULL, NULL, NULL, 187, '2024-08-28 03:47:20', '2024-08-28 03:47:20'),
(1053, '2024-10-08', NULL, NULL, NULL, NULL, 187, '2024-08-28 03:47:20', '2024-08-28 03:47:20'),
(1054, '2024-10-09', NULL, NULL, NULL, NULL, 187, '2024-08-28 03:47:20', '2024-08-28 03:47:20'),
(1055, '2024-10-10', NULL, NULL, NULL, NULL, 187, '2024-08-28 03:47:20', '2024-08-28 03:47:20'),
(1056, '2024-10-11', NULL, NULL, NULL, NULL, 187, '2024-08-28 03:47:20', '2024-08-28 03:47:20'),
(1057, '2024-10-14', NULL, NULL, NULL, NULL, 187, '2024-08-28 03:47:20', '2024-08-28 03:47:20'),
(1058, '2024-10-15', NULL, NULL, NULL, NULL, 187, '2024-08-28 03:47:20', '2024-08-28 03:47:20'),
(1059, '2024-10-16', NULL, NULL, NULL, NULL, 187, '2024-08-28 03:47:20', '2024-08-28 03:47:20'),
(1060, '2024-10-17', NULL, NULL, NULL, NULL, 187, '2024-08-28 03:47:20', '2024-08-28 03:47:20'),
(1061, '2024-10-18', NULL, NULL, NULL, NULL, 187, '2024-08-28 03:47:20', '2024-08-28 03:47:20'),
(1062, '2024-10-21', NULL, NULL, NULL, NULL, 187, '2024-08-28 03:47:20', '2024-08-28 03:47:20'),
(1063, '2024-10-22', NULL, NULL, NULL, NULL, 187, '2024-08-28 03:47:20', '2024-08-28 03:47:20'),
(1064, '2024-10-23', NULL, NULL, NULL, NULL, 187, '2024-08-28 03:47:20', '2024-08-28 03:47:20'),
(1065, '2024-10-24', NULL, NULL, NULL, NULL, 187, '2024-08-28 03:47:20', '2024-08-28 03:47:20'),
(1066, '2024-10-25', NULL, NULL, NULL, NULL, 187, '2024-08-28 03:47:20', '2024-08-28 03:47:20'),
(1067, '2024-10-28', NULL, NULL, NULL, NULL, 187, '2024-08-28 03:47:20', '2024-08-28 03:47:20'),
(1068, '2024-10-29', NULL, NULL, NULL, NULL, 187, '2024-08-28 03:47:20', '2024-08-28 03:47:20'),
(1069, '2024-10-30', NULL, NULL, NULL, NULL, 187, '2024-08-28 03:47:20', '2024-08-28 03:47:20'),
(1070, '2024-08-12', NULL, NULL, NULL, NULL, 188, '2024-08-28 03:56:23', '2024-08-28 03:56:23'),
(1071, '2024-08-13', NULL, NULL, NULL, NULL, 188, '2024-08-28 03:56:23', '2024-08-28 03:56:23'),
(1072, '2024-08-14', NULL, NULL, NULL, NULL, 188, '2024-08-28 03:56:23', '2024-08-28 03:56:23'),
(1073, '2024-08-15', NULL, NULL, NULL, NULL, 188, '2024-08-28 03:56:23', '2024-08-28 03:56:23'),
(1074, '2024-08-16', NULL, NULL, NULL, NULL, 188, '2024-08-28 03:56:23', '2024-08-28 03:56:23'),
(1075, '2024-08-19', NULL, NULL, NULL, NULL, 188, '2024-08-28 03:56:23', '2024-08-28 03:56:23'),
(1076, '2024-08-20', NULL, NULL, NULL, NULL, 188, '2024-08-28 03:56:23', '2024-08-28 03:56:23'),
(1077, '2024-08-21', NULL, NULL, NULL, NULL, 188, '2024-08-28 03:56:23', '2024-08-28 03:56:23'),
(1078, '2024-08-22', NULL, NULL, NULL, NULL, 188, '2024-08-28 03:56:23', '2024-08-28 03:56:23'),
(1079, '2024-08-23', NULL, NULL, NULL, NULL, 188, '2024-08-28 03:56:23', '2024-08-28 03:56:23'),
(1080, '2024-08-26', NULL, NULL, NULL, NULL, 188, '2024-08-28 03:56:23', '2024-08-28 03:56:23'),
(1081, '2024-08-27', NULL, NULL, NULL, NULL, 188, '2024-08-28 03:56:23', '2024-08-28 03:56:23'),
(1082, '2024-08-28', NULL, NULL, NULL, NULL, 188, '2024-08-28 03:56:23', '2024-08-28 03:56:23'),
(1083, '2024-08-29', NULL, NULL, NULL, NULL, 188, '2024-08-28 03:56:23', '2024-08-28 03:56:23'),
(1084, '2024-08-30', NULL, NULL, NULL, NULL, 188, '2024-08-28 03:56:23', '2024-08-28 03:56:23'),
(1085, '2024-09-02', NULL, NULL, NULL, NULL, 188, '2024-08-28 03:56:23', '2024-08-28 03:56:23'),
(1086, '2024-09-03', NULL, NULL, NULL, NULL, 188, '2024-08-28 03:56:23', '2024-08-28 03:56:23'),
(1087, '2024-09-04', NULL, NULL, NULL, NULL, 188, '2024-08-28 03:56:23', '2024-08-28 03:56:23'),
(1088, '2024-09-05', NULL, NULL, NULL, NULL, 188, '2024-08-28 03:56:23', '2024-08-28 03:56:23'),
(1089, '2024-09-06', NULL, NULL, NULL, NULL, 188, '2024-08-28 03:56:23', '2024-08-28 03:56:23'),
(1090, '2024-09-09', NULL, NULL, NULL, NULL, 188, '2024-08-28 03:56:23', '2024-08-28 03:56:23'),
(1091, '2024-09-10', NULL, NULL, NULL, NULL, 188, '2024-08-28 03:56:23', '2024-08-28 03:56:23'),
(1092, '2024-09-11', NULL, NULL, NULL, NULL, 188, '2024-08-28 03:56:23', '2024-08-28 03:56:23'),
(1093, '2024-09-12', NULL, NULL, NULL, NULL, 188, '2024-08-28 03:56:23', '2024-08-28 03:56:23'),
(1094, '2024-09-13', NULL, NULL, NULL, NULL, 188, '2024-08-28 03:56:23', '2024-08-28 03:56:23'),
(1095, '2024-09-16', NULL, NULL, NULL, NULL, 188, '2024-08-28 03:56:23', '2024-08-28 03:56:23'),
(1096, '2024-09-17', NULL, NULL, NULL, NULL, 188, '2024-08-28 03:56:23', '2024-08-28 03:56:23'),
(1097, '2024-09-18', NULL, NULL, NULL, NULL, 188, '2024-08-28 03:56:23', '2024-08-28 03:56:23'),
(1098, '2024-09-19', NULL, NULL, NULL, NULL, 188, '2024-08-28 03:56:23', '2024-08-28 03:56:23'),
(1099, '2024-09-20', NULL, NULL, NULL, NULL, 188, '2024-08-28 03:56:23', '2024-08-28 03:56:23'),
(1100, '2024-09-23', NULL, NULL, NULL, NULL, 188, '2024-08-28 03:56:23', '2024-08-28 03:56:23'),
(1101, '2024-09-24', NULL, NULL, NULL, NULL, 188, '2024-08-28 03:56:23', '2024-08-28 03:56:23'),
(1102, '2024-09-25', NULL, NULL, NULL, NULL, 188, '2024-08-28 03:56:23', '2024-08-28 03:56:23'),
(1103, '2024-09-26', NULL, NULL, NULL, NULL, 188, '2024-08-28 03:56:23', '2024-08-28 03:56:23'),
(1104, '2024-09-27', NULL, NULL, NULL, NULL, 188, '2024-08-28 03:56:23', '2024-08-28 03:56:23'),
(1105, '2024-09-30', NULL, NULL, NULL, NULL, 188, '2024-08-28 03:56:23', '2024-08-28 03:56:23'),
(1106, '2024-10-01', NULL, NULL, NULL, NULL, 188, '2024-08-28 03:56:23', '2024-08-28 03:56:23'),
(1107, '2024-10-02', NULL, NULL, NULL, NULL, 188, '2024-08-28 03:56:23', '2024-08-28 03:56:23'),
(1108, '2024-10-03', NULL, NULL, NULL, NULL, 188, '2024-08-28 03:56:23', '2024-08-28 03:56:23'),
(1109, '2024-10-04', NULL, NULL, NULL, NULL, 188, '2024-08-28 03:56:23', '2024-08-28 03:56:23'),
(1110, '2024-10-07', NULL, NULL, NULL, NULL, 188, '2024-08-28 03:56:23', '2024-08-28 03:56:23'),
(1111, '2024-10-08', NULL, NULL, NULL, NULL, 188, '2024-08-28 03:56:23', '2024-08-28 03:56:23'),
(1112, '2024-10-09', NULL, NULL, NULL, NULL, 188, '2024-08-28 03:56:23', '2024-08-28 03:56:23'),
(1113, '2024-10-10', NULL, NULL, NULL, NULL, 188, '2024-08-28 03:56:23', '2024-08-28 03:56:23'),
(1114, '2024-10-11', NULL, NULL, NULL, NULL, 188, '2024-08-28 03:56:23', '2024-08-28 03:56:23'),
(1115, '2024-10-14', NULL, NULL, NULL, NULL, 188, '2024-08-28 03:56:23', '2024-08-28 03:56:23'),
(1116, '2024-10-15', NULL, NULL, NULL, NULL, 188, '2024-08-28 03:56:23', '2024-08-28 03:56:23'),
(1117, '2024-10-16', NULL, NULL, NULL, NULL, 188, '2024-08-28 03:56:23', '2024-08-28 03:56:23'),
(1118, '2024-10-17', NULL, NULL, NULL, NULL, 188, '2024-08-28 03:56:23', '2024-08-28 03:56:23'),
(1119, '2024-10-18', NULL, NULL, NULL, NULL, 188, '2024-08-28 03:56:23', '2024-08-28 03:56:23'),
(1120, '2024-10-21', NULL, NULL, NULL, NULL, 188, '2024-08-28 03:56:23', '2024-08-28 03:56:23'),
(1121, '2024-10-22', NULL, NULL, NULL, NULL, 188, '2024-08-28 03:56:23', '2024-08-28 03:56:23'),
(1122, '2024-10-23', NULL, NULL, NULL, NULL, 188, '2024-08-28 03:56:23', '2024-08-28 03:56:23'),
(1123, '2024-10-24', NULL, NULL, NULL, NULL, 188, '2024-08-28 03:56:23', '2024-08-28 03:56:23'),
(1124, '2024-10-25', NULL, NULL, NULL, NULL, 188, '2024-08-28 03:56:23', '2024-08-28 03:56:23'),
(1125, '2024-10-28', NULL, NULL, NULL, NULL, 188, '2024-08-28 03:56:23', '2024-08-28 03:56:23'),
(1126, '2024-10-29', NULL, NULL, NULL, NULL, 188, '2024-08-28 03:56:23', '2024-08-28 03:56:23'),
(1127, '2024-10-30', NULL, NULL, NULL, NULL, 188, '2024-08-28 03:56:23', '2024-08-28 03:56:23');

-- --------------------------------------------------------

--
-- Table structure for table `roles`
--

CREATE TABLE `roles` (
  `role_id` int(11) NOT NULL,
  `role_name` varchar(255) DEFAULT NULL
) ENGINE=InnoDB DEFAULT CHARSET=utf8;

--
-- Dumping data for table `roles`
--

INSERT INTO `roles` (`role_id`, `role_name`) VALUES
(1, 'Alumni'),
(2, 'Aktif'),
(3, 'Calon');

-- --------------------------------------------------------

--
-- Table structure for table `sequelizemeta`
--

CREATE TABLE `sequelizemeta` (
  `name` varchar(255) COLLATE utf8_unicode_ci NOT NULL
) ENGINE=InnoDB DEFAULT CHARSET=utf8 COLLATE=utf8_unicode_ci;

--
-- Dumping data for table `sequelizemeta`
--

INSERT INTO `sequelizemeta` (`name`) VALUES
('20230917090945-create-peserta-magang.js'),
('20230917091615-create-admin.js'),
('20230917091836-create-presensi.js'),
('20230917092231-create-tugas.js'),
('20230917093126-create-status-tugas.js');

-- --------------------------------------------------------

--
-- Table structure for table `status_tugas`
--

CREATE TABLE `status_tugas` (
  `id` int(11) NOT NULL,
  `p_id` int(11) DEFAULT NULL,
  `t_id` int(11) DEFAULT NULL,
  `tugas_url` varchar(255) DEFAULT NULL,
  `keterangan` tinyint(1) DEFAULT NULL,
  `status_pengerjaan` tinyint(1) DEFAULT NULL,
  `createdAt` datetime NOT NULL,
  `updatedAt` datetime NOT NULL
) ENGINE=InnoDB DEFAULT CHARSET=utf8mb4;

--
-- Dumping data for table `status_tugas`
--

INSERT INTO `status_tugas` (`id`, `p_id`, `t_id`, `tugas_url`, `keterangan`, `status_pengerjaan`, `createdAt`, `updatedAt`) VALUES
(35, 170, 11, NULL, NULL, 0, '2024-07-02 10:25:23', '2024-07-02 10:25:23');

-- --------------------------------------------------------

--
-- Table structure for table `tugas`
--

CREATE TABLE `tugas` (
  `id` int(11) NOT NULL,
  `judul` varchar(255) DEFAULT NULL,
  `tugas_url` varchar(255) DEFAULT NULL,
  `dueDate` datetime DEFAULT NULL,
  `createdAt` datetime NOT NULL,
  `updatedAt` datetime NOT NULL
) ENGINE=InnoDB DEFAULT CHARSET=utf8mb4;

--
-- Dumping data for table `tugas`
--

INSERT INTO `tugas` (`id`, `judul`, `tugas_url`, `dueDate`, `createdAt`, `updatedAt`) VALUES
(2, 'Survei', 'www.kucingpoi.com isi survei dilink berikut', '0000-00-00 00:00:00', '2023-10-28 10:45:09', '2023-10-28 10:45:09'),
(3, 'Survei', 'www.kucingpoi.com isi survei dilink berikut', '2023-10-30 23:59:59', '2023-10-28 10:45:38', '2023-10-28 10:45:38'),
(4, 'Coba edit - Ferdy', 'Coba fitur edit tugas tugas di admin dan deadline di user', '2024-02-06 07:35:00', '2023-10-28 12:28:09', '2024-02-06 07:32:36'),
(5, 'Abdul Jawar', 'www', '2024-02-29 16:59:00', '2023-10-29 03:16:51', '2024-02-23 07:04:48'),
(6, 'Abdul Jawar', 'www', '2023-10-30 23:59:00', '2023-10-29 03:17:31', '2023-10-29 03:17:31'),
(7, 'Abdul Jawar', 'www', '2023-10-30 23:59:00', '2023-10-29 03:17:35', '2023-10-29 03:17:35'),
(9, 'Abdul', 'www', '2023-10-31 16:59:00', '2023-10-29 03:23:23', '2023-10-29 03:23:23'),
(10, 'Abdu', 'www', '2023-11-30 09:00:00', '2023-11-10 01:21:23', '2024-02-06 01:42:55'),
(11, 'HOH', 'HEH', '2024-07-17 10:25:00', '2024-07-02 10:25:23', '2024-07-02 10:25:23');

--
-- Indexes for dumped tables
--

--
-- Indexes for table `admins`
--
ALTER TABLE `admins`
  ADD PRIMARY KEY (`id`);

--
-- Indexes for table `peserta_magangs`
--
ALTER TABLE `peserta_magangs`
  ADD PRIMARY KEY (`id`),
  ADD KEY `fk_status_aktif` (`status_aktif`);

--
-- Indexes for table `presensis`
--
ALTER TABLE `presensis`
  ADD PRIMARY KEY (`id`),
  ADD KEY `p_id` (`p_id`);

--
-- Indexes for table `roles`
--
ALTER TABLE `roles`
  ADD PRIMARY KEY (`role_id`);

--
-- Indexes for table `sequelizemeta`
--
ALTER TABLE `sequelizemeta`
  ADD PRIMARY KEY (`name`),
  ADD UNIQUE KEY `name` (`name`);

--
-- Indexes for table `status_tugas`
--
ALTER TABLE `status_tugas`
  ADD PRIMARY KEY (`id`),
  ADD KEY `p_id` (`p_id`),
  ADD KEY `t_id` (`t_id`);

--
-- Indexes for table `tugas`
--
ALTER TABLE `tugas`
  ADD PRIMARY KEY (`id`);

--
-- AUTO_INCREMENT for dumped tables
--

--
-- AUTO_INCREMENT for table `admins`
--
ALTER TABLE `admins`
  MODIFY `id` int(11) NOT NULL AUTO_INCREMENT, AUTO_INCREMENT=103;

--
-- AUTO_INCREMENT for table `peserta_magangs`
--
ALTER TABLE `peserta_magangs`
  MODIFY `id` int(11) NOT NULL AUTO_INCREMENT, AUTO_INCREMENT=189;

--
-- AUTO_INCREMENT for table `presensis`
--
ALTER TABLE `presensis`
  MODIFY `id` int(11) NOT NULL AUTO_INCREMENT, AUTO_INCREMENT=1128;

--
-- AUTO_INCREMENT for table `status_tugas`
--
ALTER TABLE `status_tugas`
  MODIFY `id` int(11) NOT NULL AUTO_INCREMENT, AUTO_INCREMENT=41;

--
-- AUTO_INCREMENT for table `tugas`
--
ALTER TABLE `tugas`
  MODIFY `id` int(11) NOT NULL AUTO_INCREMENT, AUTO_INCREMENT=12;

--
-- Constraints for dumped tables
--

--
-- Constraints for table `peserta_magangs`
--
ALTER TABLE `peserta_magangs`
  ADD CONSTRAINT `fk_status_aktif` FOREIGN KEY (`status_aktif`) REFERENCES `roles` (`role_id`);

--
-- Constraints for table `presensis`
--
ALTER TABLE `presensis`
  ADD CONSTRAINT `presensis_ibfk_1` FOREIGN KEY (`p_id`) REFERENCES `peserta_magangs` (`id`) ON DELETE CASCADE ON UPDATE CASCADE;

--
-- Constraints for table `status_tugas`
--
ALTER TABLE `status_tugas`
  ADD CONSTRAINT `status_tugas_ibfk_1` FOREIGN KEY (`p_id`) REFERENCES `peserta_magangs` (`id`),
  ADD CONSTRAINT `status_tugas_ibfk_2` FOREIGN KEY (`t_id`) REFERENCES `tugas` (`id`);
COMMIT;

/*!40101 SET CHARACTER_SET_CLIENT=@OLD_CHARACTER_SET_CLIENT */;
/*!40101 SET CHARACTER_SET_RESULTS=@OLD_CHARACTER_SET_RESULTS */;
/*!40101 SET COLLATION_CONNECTION=@OLD_COLLATION_CONNECTION */;
